Date,"Total mensal","Máximo diário"
1/8/1965,0.00,0.00
1/9/1965,74.60,54.20
1/10/1965,146.60,28.00
1/11/1965,71.80,17.20
1/12/1965,20.50,5.60
1/1/1966,47.50,12.30
1/2/1966,80.80,18.90
1/3/1966,3.10,3.10
1/4/1966,55.30,13.00
1/5/1966,1.40,1.10
1/6/1966,5.80,4.00
1/7/1966,0.00,0.00
1/8/1966,7.60,7.60
1/9/1966,2.70,1.50
1/10/1966,48.30,36.70
1/11/1966,24.70,13.30
1/12/1966,8.50,7.80
1/1/1967,36.60,14.90
1/2/1967,47.00,8.60
1/3/1967,19.90,11.00
1/4/1967,11.40,3.30
1/5/1967,42.10,11.50
1/6/1967,1.50,1.40
1/7/1967,0.00,0.00
1/8/1967,0.00,0.00
1/9/1967,1.20,1.20
1/10/1967,100.20,33.10
1/11/1967,129.40,27.70
1/12/1967,12.70,12.70
1/1/1968,0.10,0.10
1/2/1968,139.80,50.50
1/3/1968,81.60,36.60
1/4/1968,8.20,3.20
1/5/1968,15.90,14.00
1/6/1968,4.10,4.10
1/7/1968,0.10,0.10
1/8/1968,6.60,4.30
1/9/1968,1.10,1.10
1/10/1968,10.90,3.80
1/11/1968,126.80,59.30
1/12/1968,86.70,35.90
1/1/1969,116.70,59.50
1/2/1969,193.80,36.60
1/3/1969,92.00,20.00
1/4/1969,13.10,4.70
1/5/1969,39.80,18.80
1/6/1969,2.60,2.10
1/7/1969,0.00,0.00
1/8/1969,0.00,0.00
1/9/1969,24.20,17.60
1/10/1969,58.50,12.80
1/11/1969,120.70,30.00
1/12/1969,25.90,13.10
1/1/1970,309.70,51.30
1/2/1970,9.40,4.90
1/3/1970,75.50,27.80
1/4/1970,18.50,13.20
1/5/1970,25.40,8.40
1/6/1970,46.10,27.50
1/7/1970,0.00,0.00
1/8/1970,0.00,0.00
1/9/1970,0.00,0.00
1/10/1970,21.70,18.20
1/11/1970,17.70,10.90
1/12/1970,93.40,44.40
1/1/1971,127.00,30.30
1/2/1971,19.60,9.50
1/3/1971,22.00,9.20
1/4/1971,124.60,32.40
1/5/1971,68.70,11.50
1/6/1971,15.10,8.20
1/7/1971,0.40,0.30
1/8/1971,4.20,4.00
1/9/1971,0.40,0.30
1/10/1971,13.80,13.00
1/11/1971,5.30,4.60
1/12/1971,129.10,85.00
1/1/1972,126.00,29.00
1/2/1972,142.90,21.60
1/3/1972,82.70,28.20
1/4/1972,12.70,12.60
1/5/1972,9.50,7.60
1/6/1972,0.50,0.40
1/7/1972,0.90,0.50
1/8/1972,0.00,0.00
1/9/1972,41.80,21.60
1/10/1972,185.10,58.90
1/11/1972,29.80,14.50
1/12/1972,88.70,26.00
1/1/1973,74.10,37.40
1/2/1973,9.10,6.30
1/3/1973,4.80,4.10
1/4/1973,2.80,1.60
1/5/1973,29.60,9.20
1/6/1973,0.30,0.10
1/7/1973,0.00,0.00
1/8/1973,0.30,0.20
1/9/1973,0.30,0.20
1/10/1973,9.70,5.00
1/11/1973,30.80,14.30
1/12/1973,50.40,22.30
1/1/1974,32.10,11.90
1/2/1974,29.60,5.60
1/3/1974,47.80,17.10
1/4/1974,87.30,44.50
1/5/1974,2.10,0.80
1/6/1974,25.10,15.40
1/7/1974,0.10,0.10
1/8/1974,0.00,0.00
1/9/1974,0.00,0.00
1/10/1974,1.10,1.10
1/11/1974,30.50,19.50
1/12/1974,10.80,10.10
1/1/1975,65.90,31.40
1/2/1975,105.30,46.60
1/3/1975,84.70,13.30
1/4/1975,25.60,6.80
1/5/1975,31.20,24.90
1/6/1975,25.90,24.80
1/7/1975,0.00,0.00
1/8/1975,0.00,0.00
1/9/1975,3.00,2.30
1/10/1975,11.70,11.50
1/11/1975,9.10,7.30
1/12/1975,322.00,118.50
1/1/1976,28.30,14.50
1/2/1976,50.00,13.80
1/3/1976,36.60,27.70
1/4/1976,87.80,40.70
1/5/1976,18.20,7.00
1/6/1976,2.40,2.40
1/7/1976,1.00,1.00
1/8/1976,53.40,20.20
1/9/1976,46.60,13.70
1/10/1976,56.30,11.60
1/11/1976,29.00,9.60
1/12/1976,177.40,36.90
1/1/1977,149.80,46.60
1/2/1977,123.50,48.70
1/3/1977,4.20,2.20
1/4/1977,2.40,1.00
1/5/1977,0.70,0.60
1/6/1977,14.20,11.20
1/7/1977,0.30,0.20
1/8/1977,0.10,0.10
1/9/1977,0.10,0.10
1/10/1977,106.70,42.20
1/11/1977,125.40,66.00
1/12/1977,195.40,46.70
1/1/1978,45.40,27.20
1/2/1978,82.40,27.10
1/3/1978,27.40,18.00
1/4/1978,63.80,18.50
1/5/1978,30.20,9.00
1/6/1978,4.70,2.40
1/7/1978,0.00,0.00
1/8/1978,0.00,0.00
1/9/1978,1.70,1.60
1/10/1978,36.80,19.10
1/11/1978,73.00,38.10
1/12/1978,101.90,15.80
1/1/1979,133.70,32.10
1/2/1979,131.50,28.00
1/3/1979,47.90,9.80
1/4/1979,23.80,6.20
1/5/1979,2.80,1.30
1/6/1979,0.20,0.10
1/7/1979,1.00,0.80
1/8/1979,0.00,0.00
1/9/1979,20.70,20.40
1/10/1979,136.90,44.70
1/11/1979,3.40,3.10
1/12/1979,6.10,3.00
1/1/1980,35.60,22.70
1/2/1980,83.20,37.40
1/3/1980,53.90,12.80
1/4/1980,18.10,12.00
1/5/1980,41.20,14.40
1/6/1980,7.70,3.70
1/7/1980,1.50,1.50
1/8/1980,4.80,2.40
1/9/1980,8.50,6.30
1/10/1980,50.70,25.80
1/11/1980,74.60,23.60
1/12/1980,0.70,0.50
1/1/1981,4.10,4.00
1/2/1981,32.80,22.20
1/3/1981,27.70,12.30
1/4/1981,28.90,6.40
1/5/1981,20.70,7.40
1/6/1981,0.80,0.60
1/7/1981,0.10,0.10
1/8/1981,0.00,0.00
1/9/1981,23.40,15.00
1/10/1981,7.60,4.90
1/11/1981,1.70,1.70
1/12/1981,112.60,28.60
1/1/1982,110.70,33.50
1/2/1982,34.60,19.10
1/3/1982,57.00,23.50
1/4/1982,12.10,4.40
1/5/1982,0.20,0.10
1/6/1982,0.60,0.40
1/7/1982,2.80,2.30
1/8/1982,11.70,5.60
1/9/1982,20.10,9.90
1/10/1982,4.50,4.00
1/11/1982,74.70,43.00
1/12/1982,11.50,3.90
1/1/1983,0.70,0.60
1/2/1983,47.10,29.30
1/3/1983,4.10,3.70
1/4/1983,32.50,16.60
1/5/1983,9.60,2.40
1/6/1983,2.80,1.60
1/7/1983,0.20,0.10
1/8/1983,0.40,0.30
1/9/1983,0.40,0.40
1/10/1983,76.90,55.60
1/11/1983,285.60,45.30
1/12/1983,92.70,25.20
1/1/1984,12.90,8.30
1/2/1984,23.10,8.80
1/3/1984,37.20,6.30
1/4/1984,33.10,15.20
1/5/1984,15.50,3.30
1/6/1984,0.60,0.10
1/7/1984,0.00,0.00
1/8/1984,0.10,0.10
1/9/1984,0.10,0.10
1/10/1984,17.40,14.10
1/11/1984,116.80,20.80
1/12/1984,51.60,16.80
1/1/1985,127.60,20.40
1/2/1985,142.60,34.00
1/3/1985,1.40,0.40
1/4/1985,26.80,16.30
1/5/1985,9.10,3.30
1/6/1985,6.10,3.70
1/7/1985,0.10,0.10
1/8/1985,0.00,0.00
1/9/1985,0.70,0.40
1/10/1985,0.00,0.00
1/11/1985,38.80,17.30
1/12/1985,55.00,26.60
1/1/1986,29.90,12.10
1/2/1986,91.90,30.70
1/3/1986,64.50,30.10
1/4/1986,59.30,22.20
1/5/1986,6.30,4.30
1/6/1986,2.30,2.00
1/7/1986,0.00,0.00
1/8/1986,0.10,0.10
1/9/1986,39.00,22.50
1/10/1986,26.30,10.60
1/11/1986,32.00,15.60
1/12/1986,19.40,11.10
1/1/1987,113.20,30.00
1/2/1987,99.70,26.10
1/3/1987,9.20,6.70
1/4/1987,50.80,15.10
1/5/1987,0.40,0.20
1/6/1987,2.90,2.70
1/7/1987,10.60,7.80
1/8/1987,20.10,16.50
1/9/1987,26.10,22.60
1/10/1987,133.50,24.90
1/11/1987,142.60,82.20
1/12/1987,262.60,64.60
1/1/1988,92.90,31.60
1/2/1988,36.50,20.30
1/3/1988,25.50,21.60
1/4/1988,2.40,1.20
1/5/1988,69.60,43.70
1/6/1988,17.90,5.00
1/7/1988,15.60,15.60
1/8/1988,0.00,0.00
1/9/1988,0.00,0.00
1/10/1988,62.80,26.70
1/11/1988,376.10,82.80
1/12/1988,7.70,5.50
1/1/1989,61.50,28.00
1/2/1989,52.00,12.00
1/3/1989,22.70,12.00
1/4/1989,55.40,23.40
1/5/1989,35.70,16.00
1/6/1989,0.00,0.00
1/7/1989,0.10,0.10
1/8/1989,2.40,2.00
1/9/1989,23.90,23.70
1/10/1989,341.10,157.90
1/11/1989,228.80,33.50
1/12/1989,353.40,86.80
1/1/1990,63.70,22.80
1/2/1990,0.90,0.80
1/3/1990,41.20,16.20
1/4/1990,102.50,32.20
1/5/1990,0.70,0.70
1/6/1990,0.70,0.40
1/7/1990,0.20,0.10
1/8/1990,0.00,0.00
1/9/1990,3.50,1.60
1/10/1990,65.80,22.40
1/11/1990,40.50,14.80
1/12/1990,151.00,32.80
1/1/1991,11.90,6.50
1/2/1991,111.30,35.70
1/3/1991,67.70,22.00
1/4/1991,47.00,16.20
1/5/1991,0.40,0.40
1/6/1991,0.10,0.10
1/7/1991,1.30,1.20
1/8/1991,0.30,0.10
1/9/1991,20.80,11.00
1/10/1991,44.20,12.10
1/11/1991,7.90,3.40
1/12/1991,96.40,30.30
1/1/1992,36.00,16.90
1/2/1992,24.40,10.00
1/3/1992,18.40,13.10
1/4/1992,40.40,23.00
1/5/1992,13.50,3.80
1/6/1992,21.10,11.50
1/7/1992,0.10,0.10
1/8/1992,5.00,4.80
1/9/1992,14.60,14.60
1/10/1992,53.10,29.40
1/11/1992,2.10,1.50
1/12/1992,282.70,90.00
1/1/1993,26.00,16.20
1/2/1993,29.10,14.30
1/3/1993,85.30,42.00
1/4/1993,34.00,12.10
1/5/1993,49.20,15.20
1/6/1993,1.50,0.70
1/7/1993,0.00,0.00
1/8/1993,0.90,0.80
1/9/1993,14.50,11.60
1/10/1993,89.50,28.80
1/11/1993,149.70,79.10
1/12/1993,1.00,0.80
1/1/1994,37.50,9.00
1/2/1994,60.10,17.40
1/3/1994,0.90,0.80
1/4/1994,26.90,13.80
1/5/1994,33.30,10.80
1/6/1994,0.20,0.10
1/7/1994,1.10,0.90
1/8/1994,0.10,0.10
1/9/1994,2.10,2.10
1/10/1994,31.00,11.60
1/11/1994,46.40,13.80
1/12/1994,44.40,18.40
1/1/1995,20.40,9.30
1/2/1995,33.30,27.00
1/3/1995,15.70,14.20
1/4/1995,14.60,13.00
1/5/1995,4.70,4.40
1/6/1995,11.60,10.20
1/7/1995,9.50,5.00
1/8/1995,0.00,0.00
1/9/1995,0.90,0.40
1/10/1995,19.20,16.50
1/11/1995,131.90,30.80
1/12/1995,258.40,68.30
1/1/1996,242.50,26.00
1/2/1996,55.90,30.00
1/3/1996,178.20,45.00
1/4/1996,30.90,17.00
1/5/1996,99.50,45.00
1/6/1996,0.00,0.00
1/7/1996,0.00,0.00
1/8/1996,0.00,0.00
1/9/1996,16.20,10.00
1/10/1996,17.00,11.00
1/11/1996,31.20,10.00
1/12/1996,294.70,73.00
1/1/1997,99.90,22.00
1/2/1997,0.00,0.00
1/3/1997,0.00,0.00
1/4/1997,28.60,10.00
1/5/1997,16.90,11.00
1/6/1997,25.90,19.00
1/7/1997,3.20,2.00
1/8/1997,0.00,0.00
1/9/1997,14.70,12.00
1/10/1997,59.80,23.00
1/11/1997,148.10,24.00
1/12/1997,112.50,25.20
1/1/1998,63.20,20.10
1/2/1998,77.30,25.70
1/3/1998,9.10,4.80
1/4/1998,15.30,8.40
1/5/1998,22.90,7.60
1/6/1998,0.50,0.20
1/7/1998,0.00,0.00
1/8/1998,0.10,0.10
1/9/1998,65.90,46.00
1/10/1998,2.60,2.00
1/11/1998,14.00,11.80
1/12/1998,16.20,14.40
1/1/1999,67.50,21.70
1/2/1999,2.20,1.80
1/3/1999,59.50,23.10
1/4/1999,10.90,6.00
1/5/1999,22.50,8.00
1/6/1999,0.00,0.00
1/7/1999,0.00,0.00
1/8/1999,0.60,0.30
1/9/1999,33.80,23.00
1/10/1999,107.80,22.00
1/11/1999,24.60,22.60
1/12/1999,23.50,9.50
1/1/2000,78.20,41.30
1/2/2000,4.40,4.00
1/3/2000,23.50,20.30
1/4/2000,109.80,28.60
1/5/2000,56.70,14.30
1/6/2000,0.00,0.00
1/7/2000,0.00,0.00
1/8/2000,0.10,0.10
1/9/2000,17.50,10.50
1/10/2000,7.80,2.40
1/11/2000,36.10,16.80
1/12/2000,139.20,60.70
1/1/2001,72.60,16.80
1/2/2001,40.40,28.70
1/3/2001,115.20,39.50
1/4/2001,0.00,0.00
1/5/2001,15.70,6.90
1/6/2001,0.00,0.00
1/7/2001,0.10,0.10
1/8/2001,0.00,0.00
1/9/2001,115.30,58.20
1/10/2001,51.50,20.40
1/11/2001,93.50,37.80
1/12/2001,188.40,60.10
1/1/2002,38.60,16.70
1/2/2002,6.20,3.20
1/3/2002,51.30,12.90
1/4/2002,40.40,14.90
1/5/2002,19.00,13.60
1/6/2002,0.40,0.40
1/7/2002,0.00,0.00
1/8/2002,0.20,0.20
1/9/2002,95.40,42.90
1/10/2002,91.80,46.50
1/11/2002,81.60,19.40
1/12/2002,71.70,17.40
1/1/2003,37.00,18.30
1/2/2003,57.60,15.50
1/3/2003,57.40,30.80
1/4/2003,77.60,20.40
1/5/2003,4.50,3.30
1/6/2003,1.90,1.90
1/7/2003,0.00,0.00
1/8/2003,0.60,0.60
1/9/2003,0.00,0.00
1/10/2003,122.50,31.70
1/11/2003,85.50,21.40
1/12/2003,78.10,19.90
1/1/2004,21.40,10.60
1/2/2004,112.20,57.90
1/3/2004,38.80,17.30
1/4/2004,10.90,8.20
1/5/2004,25.80,10.40
1/6/2004,0.00,0.00
1/7/2004,0.00,0.00
1/8/2004,2.20,1.60
1/9/2004,1.70,1.70
1/10/2004,37.40,12.40
1/11/2004,22.50,16.80
1/12/2004,41.90,15.90
1/1/2005,0.00,0.00
1/2/2005,8.00,3.80
1/3/2005,14.60,2.70
1/4/2005,0.90,0.90
1/5/2005,14.60,11.20
1/6/2005,1.90,1.90
1/7/2005,8.60,8.10
1/8/2005,0.00,0.00
1/9/2005,0.80,0.50
1/10/2005,107.20,19.00
1/11/2005,146.80,77.90
1/12/2005,64.60,20.60
1/1/2006,76.40,28.30
1/2/2006,45.60,18.00
1/3/2006,37.80,12.20
1/4/2006,40.50,16.10
1/5/2006,0.00,0.00
1/6/2006,16.90,7.30
1/7/2006,0.50,0.40
1/8/2006,13.00,13.00
1/9/2006,12.80,8.30
1/10/2006,87.40,20.50
1/11/2006,217.90,45.40
1/12/2006,34.10,20.30
1/1/2007,5.20,1.50
1/2/2007,38.80,10.80
1/3/2007,14.30,9.00
1/4/2007,12.40,3.00
1/5/2007,34.80,20.20
1/6/2007,2.80,2.40
1/7/2007,0.00,0.00
1/8/2007,59.10,53.90
1/9/2007,19.50,18.10
1/10/2007,57.20,28.70
1/11/2007,55.30,29.10
1/12/2007,100.90,50.00
1/1/2008,46.20,22.90
1/2/2008,73.00,16.20
1/3/2008,30.30,21.10
1/4/2008,110.90,47.90
1/5/2008,38.50,12.80
1/6/2008,0.00,0.00
1/7/2008,0.00,0.00
1/8/2008,0.00,0.00
1/9/2008,88.20,53.30
1/10/2008,30.70,17.20
1/11/2008,24.70,15.00
1/12/2008,42.90,14.30
1/1/2009,68.20,18.30
1/2/2009,62.30,25.20
1/3/2009,21.80,17.60
1/4/2009,45.90,26.70
1/5/2009,2.70,2.00
1/6/2009,2.20,1.60
1/7/2009,0.20,0.20
1/8/2009,0.00,0.00
1/9/2009,1.90,1.10
1/10/2009,17.90,12.00
1/11/2009,13.80,9.50
1/12/2009,267.70,40.50
1/1/2010,124.00,41.30
1/2/2010,157.90,25.40
1/3/2010,52.90,17.00
1/4/2010,60.90,25.80
1/5/2010,5.10,3.60
1/6/2010,7.70,7.40
1/7/2010,0.10,0.10
1/8/2010,0.00,0.00
1/9/2010,1.70,1.20
1/10/2010,45.80,27.40
1/11/2010,65.20,26.20
1/12/2010,196.70,35.40
1/1/2011,41.10,18.80
1/2/2011,49.40,21.40
1/3/2011,87.50,26.60
1/4/2011,48.30,18.40
1/5/2011,98.20,51.30
1/6/2011,0.00,0.00
1/7/2011,0.00,0.00
1/8/2011,0.20,0.10
1/9/2011,6.20,6.20
1/10/2011,61.20,40.70
1/11/2011,126.10,61.30
1/12/2011,8.10,5.50
1/1/2012,12.30,8.80
1/2/2012,0.00,0.00
1/3/2012,34.40,25.50
1/4/2012,27.80,6.00
1/5/2012,5.10,4.70
1/6/2012,0.00,0.00
1/7/2012,0.00,0.00
1/8/2012,0.00,0.00
1/9/2012,32.60,21.10
1/10/2012,32.20,15.60
1/11/2012,129.90,30.70
1/12/2012,30.50,14.40
1/1/2013,35.50,13.80
1/2/2013,11.60,3.30
1/3/2013,81.30,11.80
1/4/2013,9.60,2.60
1/5/2013,3.10,1.70
1/6/2013,0.00,0.00
1/7/2013,0.00,0.00
1/8/2013,0.60,0.20
1/9/2013,16.20,10.10
1/10/2013,53.20,19.20
1/11/2013,10.10,7.80
1/12/2013,25.50,14.50
1/1/2014,43.40,11.90
1/2/2014,26.90,3.20
1/3/2014,14.10,8.30
1/4/2014,44.80,23.60
1/5/2014,7.20,6.20
1/6/2014,13.00,8.10
1/7/2014,0.90,0.40
1/8/2014,0.10,0.10
1/9/2014,16.50,5.00
1/10/2014,87.00,37.90
1/11/2014,141.80,26.70
1/12/2014,9.60,9.60
1/1/2015,40.40,19.20
1/2/2015,11.20,8.40
1/3/2015,17.00,9.10
1/4/2015,13.90,8.90
1/5/2015,0.00,0.00
1/6/2015,0.90,0.90
1/7/2015,0.00,0.00
1/8/2015,0.00,0.00
1/9/2015,0.50,0.50
1/10/2015,119.50,30.60
1/11/2015,105.10,61.40
1/12/2015,34.50,15.90
1/1/2016,30.80,10.20
1/2/2016,21.70,8.00
1/3/2016,4.00,1.80
1/4/2016,39.20,9.90
1/5/2016,119.80,41.70
1/6/2016,0.00,0.00
1/7/2016,0.00,0.00
1/8/2016,0.00,0.00
1/9/2016,9.30,9.30
1/10/2016,74.10,43.20
1/11/2016,81.40,27.30
1/12/2016,95.40,33.10
1/1/2017,29.30,21.40
1/2/2017,83.70,35.30
1/3/2017,78.40,25.70
1/4/2017,21.20,18.00
1/5/2017,25.20,8.00
1/6/2017,0.00,0.00
1/7/2017,0.00,0.00
1/8/2017,5.60,4.70
1/9/2017,0.00,0.00
1/10/2017,7.50,4.20
1/11/2017,27.50,15.70
1/12/2017,39.90,20.60
1/1/2018,36.00,16.50
1/2/2018,19.20,12.70
1/3/2018,113.90,21.50
1/4/2018,90.30,28.80
1/5/2018,10.80,6.90
1/6/2018,32.70,20.40
1/7/2018,0.10,0.10
1/8/2018,0.70,0.60
1/9/2018,1.20,1.10
1/10/2018,48.10,13.10
1/11/2018,81.10,20.60
1/12/2018,5.90,4.70
1/1/2019,6.70,3.50
1/2/2019,31.10,13.80
1/3/2019,4.90,3.50
1/4/2019,33.30,11.80
1/5/2019,0.00,0.00
1/6/2019,0.40,0.40
1/7/2019,0.00,0.00
1/8/2019,0.00,0.00
1/9/2019,1.00,0.80
1/10/2019,23.80,16.50
1/11/2019,26.60,9.20
1/12/2019,48.40,14.30
1/1/2020,29.60,23.50
1/2/2020,0.90,0.90
1/3/2020,75.30,28.00
1/4/2020,83.10,20.70
1/5/2020,37.50,20.00
1/6/2020,12.00,6.30
1/7/2020,0.00,0.00
1/8/2020,0.00,0.00
1/9/2020,23.10,15.20
1/10/2020,91.40,56.10
1/11/2020,137.30,32.30
1/12/2020,45.90,18.50
